{
  "id": "homepage",
  "heroBanner": {
    "title": "Industrial Solutions for Modern Manufacturing",
    "subtitle": "Trusted by Industry Leaders",
    "description": "Discover our comprehensive range of heavy machinery, industrial tools, and safety equipment. Built for performance, engineered for reliability.",
    "primaryButtonText": "Explore Products",
    "primaryButtonLink": "/products",
    "secondaryButtonText": "Download Catalog",
    "secondaryButtonLink": "/catalog.pdf"
  },
  "stats": {
    "clients": "2,500+",
    "countries": "45+",
    "products": "10,000+",
    "experience": "25+"
  },
  "featuredProductIds": [],
  "companyInfo": {
    "title": "Built on Trust, Powered by Innovation",
    "subtitle": "Industry Leader Since 1999",
    "description": "For over 25 years, IndustrialCo has been the trusted partner for manufacturing, construction, and industrial operations worldwide. Our commitment to quality, safety, and innovation drives everything we do.",
    "features": [
      {
        "icon": "Shield",
        "title": "Safety First",
        "description": "ISO certified safety standards"
      },
      {
        "icon": "Truck",
        "title": "Global Delivery",
        "description": "Worldwide shipping network"
      },
      {
        "icon": "Award",
        "title": "Quality Assured",
        "description": "Premium grade materials"
      }
    ],
    "primaryButtonText": "Learn More About Us",
    "primaryButtonLink": "/about",
    "secondaryButtonText": "Contact Our Team",
    "secondaryButtonLink": "/contact"
  },
  "ctaSection": {
    "title": "Ready to Transform Your Operations?",
    "description": "Get in touch with our experts today for personalized industrial solutions",
    "primaryButtonText": "Download Catalog",
    "primaryButtonLink": "/catalog.pdf",
    "secondaryButtonText": "Request Quote",
    "secondaryButtonLink": "/contact",
    "backgroundGradient": "from-industrial-blue to-industrial-dark"
  },
  "updatedAt": "2025-07-31T20:22:34.990Z"
}